{
  "model": "longchat-7b-v1.5-32k",
  "needle": [
    "The best thing to do in San Francisco is eat a sandwich and sit in Dolores Park on a sunny day.",
    "The weather in New York is cold."
  ],
  "model_response": [
    "Eat a sandwich and sit in Dolores Park on a sunny day.",
    "Cold"
  ],
  "first_diff_loc_context0_query0": [
    0,
    0,
    0.007712082262210797,
    0.007712082262210797,
    0.005141388174807198,
    0.005141388174807198,
    0.007712082262210797,
    0.007712082262210797,
    0.005141388174807198,
    0.005141388174807198,
    0.005141388174807198,
    0.005141388174807198,
    0.005141388174807198,
    0.005141388174807198,
    0.005141388174807198,
    0.005141388174807198,
    0.005141388174807198,
    0.005141388174807198,
    0.005141388174807198,
    0.005141388174807198,
    0.005141388174807198,
    0.005141388174807198,
    0.005141388174807198,
    0.007712082262210797,
    0.005141388174807198,
    0.007712082262210797,
    0.005141388174807198,
    0.007712082262210797,
    0.005141388174807198,
    0.007712082262210797,
    0.005141388174807198,
    0.005141388174807198
  ],
  "first_diff_loc_context1_query1": [
    0,
    0,
    0.007712082262210797,
    0.007712082262210797,
    0.005141388174807198,
    0.005141388174807198,
    0.007712082262210797,
    0.007712082262210797,
    0.005141388174807198,
    0.005141388174807198,
    0.005141388174807198,
    0.005141388174807198,
    0.010282776349614395,
    0.005141388174807198,
    0.005141388174807198,
    0.005141388174807198,
    0.005141388174807198,
    0.005141388174807198,
    0.005141388174807198,
    0.005141388174807198,
    0.005141388174807198,
    0.005141388174807198,
    0.007712082262210797,
    0.007712082262210797,
    0.005141388174807198,
    0.007712082262210797,
    0.005141388174807198,
    0.007712082262210797,
    0.005141388174807198,
    0.007712082262210797,
    0.005141388174807198,
    0.005141388174807198
  ],
  "first_diff_loc_query0_query1": [
    0.005141388174807198,
    0.012853470437017995,
    0.010282776349614395,
    0.007712082262210797,
    0.017994858611825194,
    0.007712082262210797,
    0.007712082262210797,
    0.012853470437017995,
    0.015424164524421594,
    0.010282776349614395,
    0.010282776349614395,
    0.010282776349614395,
    0.005141388174807198,
    0.007712082262210797,
    0.005141388174807198,
    0.005141388174807198,
    0.005141388174807198,
    0.005141388174807198,
    0.005141388174807198,
    0.005141388174807198,
    0.005141388174807198,
    0.005141388174807198,
    0.005141388174807198,
    0.007712082262210797,
    0.007712082262210797,
    0.007712082262210797,
    0.007712082262210797,
    0.007712082262210797,
    0.010282776349614395,
    0.007712082262210797,
    0.010282776349614395,
    0.012853470437017995
  ],
  "l2_context0_query0": [
    1.271484375,
    1.8486328125,
    0.055206298828125,
    0.026763916015625,
    0.038360595703125,
    0.1302490234375,
    0.04608154296875,
    0.0743408203125,
    0.125732421875,
    0.0997314453125,
    0.1424560546875,
    0.1083984375,
    0.09490966796875,
    0.2083740234375,
    0.21533203125,
    0.229736328125,
    0.2264404296875,
    0.284912109375,
    0.2249755859375,
    0.19580078125,
    0.491943359375,
    0.2176513671875,
    0.30126953125,
    0.10101318359375,
    0.16064453125,
    0.062042236328125,
    0.1820068359375,
    0.04974365234375,
    0.12335205078125,
    0.1304931640625,
    0.1400146484375,
    0.27880859375
  ],
  "l2_context1_query1": [
    1.2109375,
    1.83203125,
    0.05206298828125,
    0.03045654296875,
    0.034942626953125,
    0.1314697265625,
    0.047271728515625,
    0.07403564453125,
    0.12457275390625,
    0.09869384765625,
    0.1480712890625,
    0.10662841796875,
    0.08099365234375,
    0.211181640625,
    0.319580078125,
    0.315673828125,
    0.289306640625,
    0.281982421875,
    0.2276611328125,
    0.135498046875,
    0.2413330078125,
    0.1629638671875,
    0.139404296875,
    0.09039306640625,
    0.11676025390625,
    0.04473876953125,
    0.150146484375,
    0.049224853515625,
    0.11553955078125,
    0.09381103515625,
    0.1319580078125,
    0.249267578125
  ],
  "l2_query0_query1": [
    0.1322021484375,
    0.0828857421875,
    0.00830078125,
    0.00980377197265625,
    0.01517486572265625,
    0.00689697265625,
    0.01340484619140625,
    0.0058746337890625,
    0.01099395751953125,
    0.01334381103515625,
    0.01232147216796875,
    0.04010009765625,
    0.049224853515625,
    0.04168701171875,
    0.313720703125,
    0.281494140625,
    0.30029296875,
    0.23193359375,
    0.15673828125,
    0.16064453125,
    0.493896484375,
    0.2041015625,
    0.27294921875,
    0.055938720703125,
    0.1156005859375,
    0.04071044921875,
    0.104248046875,
    0.01058197021484375,
    0.021331787109375,
    0.0762939453125,
    0.03912353515625,
    0.0887451171875
  ],
  "cos_context0_query0": [
    0.98046875,
    0.73291015625,
    0.9990234375,
    0.9990234375,
    0.9990234375,
    0.99560546875,
    1,
    0.9990234375,
    0.99462890625,
    0.99609375,
    0.99365234375,
    0.99609375,
    0.9970703125,
    0.986328125,
    0.98486328125,
    0.98388671875,
    0.9833984375,
    0.9775390625,
    0.986328125,
    0.9892578125,
    0.9384765625,
    0.9873046875,
    0.974609375,
    0.99658203125,
    0.9921875,
    0.99951171875,
    0.9892578125,
    0.99951171875,
    0.9951171875,
    0.99365234375,
    0.99267578125,
    0.9716796875
  ],
  "cos_context1_query1": [
    0.982421875,
    0.7451171875,
    0.9990234375,
    0.99951171875,
    1,
    0.9951171875,
    0.99951171875,
    0.9990234375,
    0.9951171875,
    0.99755859375,
    0.9931640625,
    0.99609375,
    0.99755859375,
    0.986328125,
    0.96923828125,
    0.9697265625,
    0.974609375,
    0.978515625,
    0.98583984375,
    0.99560546875,
    0.98388671875,
    0.99267578125,
    0.99365234375,
    0.99755859375,
    0.99560546875,
    0.99951171875,
    0.9921875,
    1,
    0.99609375,
    0.9970703125,
    0.994140625,
    0.9765625
  ],
  "cos_query0_query1": [
    0.99853515625,
    0.99951171875,
    1,
    0.99951171875,
    1,
    0.99951171875,
    1,
    1.0009765625,
    0.99951171875,
    0.99951171875,
    0.99951171875,
    1,
    0.99951171875,
    0.99951171875,
    0.97021484375,
    0.9765625,
    0.97314453125,
    0.984375,
    0.99267578125,
    0.9921875,
    0.93701171875,
    0.98828125,
    0.978515625,
    0.99951171875,
    0.99560546875,
    0.99951171875,
    0.99658203125,
    1,
    1.0009765625,
    0.998046875,
    1,
    0.9970703125
  ],
  "inter_context0_query0": [
    0.7758620689655172,
    0.8103448275862069,
    0.7241379310344828,
    0.6896551724137931,
    0.6724137931034483,
    0.5689655172413793,
    0.7068965517241379,
    0.6724137931034483,
    0.7586206896551724,
    0.7241379310344828,
    0.7413793103448276,
    0.6724137931034483,
    0.7241379310344828,
    0.7241379310344828,
    0.4827586206896552,
    0.41379310344827586,
    0.39655172413793105,
    0.43103448275862066,
    0.5,
    0.5344827586206896,
    0.5,
    0.5862068965517241,
    0.6379310344827587,
    0.6724137931034483,
    0.5689655172413793,
    0.6724137931034483,
    0.5517241379310345,
    0.6896551724137931,
    0.6551724137931034,
    0.6379310344827587,
    0.7068965517241379,
    0.603448275862069
  ],